Date,rcp2.3
1/1/1980,81.58651806
2/1/1980,100
3/1/1980,63.03300552
4/1/1980,63.34419685
5/1/1980,65.66737167
6/1/1980,58.73400038
7/1/1980,56.37629662
8/1/1980,60.1655855
9/1/1980,66.8945117
10/1/1980,90.22836286
11/1/1980,91.4041533
12/1/1980,97.33246172
1/1/1981,95.58447478
2/1/1981,73.71150432
3/1/1981,66.31340823
4/1/1981,65.52277307
5/1/1981,69.99624888
6/1/1981,52.6650923
7/1/1981,56.01272592
8/1/1981,52.90590034
9/1/1981,56.78226127
10/1/1981,61.56999033
11/1/1981,84.65213847
12/1/1981,83.23696174
1/1/1982,95.96009294
2/1/1982,97.05740569
3/1/1982,66.08469841
4/1/1982,61.91584135
5/1/1982,61.77979892
6/1/1982,61.73784694
7/1/1982,57.0040523
8/1/1982,62.42406405
9/1/1982,64.39087558
10/1/1982,71.97795565
11/1/1982,71.11227455
12/1/1982,83.90651791
1/1/1983,100
2/1/1983,69.69839145
3/1/1983,78.37819225
4/1/1983,87.55751561
5/1/1983,66.7073453
6/1/1983,66.05408747
7/1/1983,52.22451206
8/1/1983,53.44029081
9/1/1983,58.87869537
10/1/1983,69.37709101
11/1/1983,78.15999614
12/1/1983,82.35445248
1/1/1984,74.33834619
2/1/1984,60.33037994
3/1/1984,84.90311106
4/1/1984,58.55452634
5/1/1984,66.97398508
6/1/1984,60.93990325
7/1/1984,56.50931514
8/1/1984,62.30454418
9/1/1984,59.88466842
10/1/1984,72.84731203
11/1/1984,91.47220646
12/1/1984,82.34247687
1/1/1985,99.23102716
2/1/1985,97.60000744
3/1/1985,77.15693398
4/1/1985,77.99722792
5/1/1985,60.06853854
6/1/1985,53.03796384
7/1/1985,57.9076016
8/1/1985,55.51942813
9/1/1985,55.9330124
10/1/1985,68.22815303
11/1/1985,72.19858304
12/1/1985,85.14552321
1/1/1986,63.06374876
2/1/1986,86.91523896
3/1/1986,74.61083963
4/1/1986,71.57470675
5/1/1986,62.37557673
6/1/1986,67.55530735
7/1/1986,50.81909288
8/1/1986,55.27201339
9/1/1986,62.66747677
10/1/1986,68.1945529
11/1/1986,88.71522944
12/1/1986,79.82952568
1/1/1987,100
2/1/1987,82.65542469
3/1/1987,85.49452437
4/1/1987,72.53676111
5/1/1987,70.85118802
6/1/1987,65.91798184
7/1/1987,56.29564731
8/1/1987,58.00554738
9/1/1987,60.15417461
10/1/1987,56.81990278
11/1/1987,71.96992278
12/1/1987,90.50192282
1/1/1988,68.95691906
2/1/1988,92.12525895
3/1/1988,83.14451354
4/1/1988,68.20810653
5/1/1988,70.97296009
6/1/1988,49.80100219
7/1/1988,52.87079446
8/1/1988,60.39200669
9/1/1988,59.72808248
10/1/1988,76.68376075
11/1/1988,79.55567561
12/1/1988,85.44752832
1/1/1989,97.59479127
2/1/1989,66.86529406
3/1/1989,97.0210653
4/1/1989,81.92952064
5/1/1989,54.05307419
6/1/1989,60.82309538
7/1/1989,54.88224375
8/1/1989,49.01266183
9/1/1989,60.19922453
10/1/1989,67.62395658
11/1/1989,89.42966003
12/1/1989,85.53492668
1/1/1990,63.07042448
2/1/1990,100
3/1/1990,72.4030842
4/1/1990,79.91199409
5/1/1990,55.57477955
6/1/1990,49.25419294
7/1/1990,51.28983348
8/1/1990,52.90590034
9/1/1990,55.09289982
10/1/1990,78.24618902
11/1/1990,83.60087247
12/1/1990,87.3998707
1/1/1991,91.98466556
2/1/1991,92.05523307
3/1/1991,85.15813481
4/1/1991,89.55509878
5/1/1991,79.16473813
6/1/1991,64.98616972
7/1/1991,56.40152618
8/1/1991,53.576035
9/1/1991,66.48585299
10/1/1991,82.26200552
11/1/1991,61.77854974
12/1/1991,95.50196956
1/1/1992,77.96997281
2/1/1992,75.33928805
3/1/1992,72.02008944
4/1/1992,64.89954698
5/1/1992,68.42889573
6/1/1992,62.37109999
7/1/1992,54.88387526
8/1/1992,59.88752506
9/1/1992,64.11610785
10/1/1992,80.93450127
11/1/1992,100
12/1/1992,100
1/1/1993,82.92978275
2/1/1993,86.92461915
3/1/1993,86.49750693
4/1/1993,75.85976793
5/1/1993,59.75090351
6/1/1993,56.01155431
7/1/1993,51.07716962
8/1/1993,51.80729619
9/1/1993,60.88904673
10/1/1993,70.4245651
11/1/1993,71.07801101
12/1/1993,71.55843298
1/1/1994,65.95920618
2/1/1994,83.60750322
3/1/1994,82.55398573
4/1/1994,70.82999482
5/1/1994,57.95744547
6/1/1994,54.26878546
7/1/1994,54.50844126
8/1/1994,50.88496254
9/1/1994,51.44747355
10/1/1994,62.65103482
11/1/1994,74.55613827
12/1/1994,68.7954564
1/1/1995,94.88020713
2/1/1995,92.12192304
3/1/1995,67.65152006
4/1/1995,60.88968823
5/1/1995,74.18896174
6/1/1995,55.61852574
7/1/1995,56.21345168
8/1/1995,56.37237392
9/1/1995,68.64670325
10/1/1995,63.70563444
11/1/1995,66.35836586
12/1/1995,97.10917296
1/1/1996,100
2/1/1996,87.70712032
3/1/1996,96.45265212
4/1/1996,77.04222111
5/1/1996,62.55496504
6/1/1996,65.73699699
7/1/1996,55.74136389
8/1/1996,53.37973037
9/1/1996,56.95666639
10/1/1996,70.13504504
11/1/1996,76.76758118
12/1/1996,66.93475475
1/1/1997,100
2/1/1997,76.99359075
3/1/1997,91.9298842
4/1/1997,81.36666817
5/1/1997,64.92584345
6/1/1997,58.27639201
7/1/1997,57.89373931
8/1/1997,54.89581622
9/1/1997,55.49060178
10/1/1997,76.74251684
11/1/1997,72.02204567
12/1/1997,85.40074866
1/1/1998,99.76342162
2/1/1998,97.12460464
3/1/1998,83.45170733
4/1/1998,76.68714556
5/1/1998,71.85060813
6/1/1998,57.74283497
7/1/1998,52.30017268
8/1/1998,50.08620375
9/1/1998,55.2273832
10/1/1998,63.4985094
11/1/1998,100
12/1/1998,74.0773914
1/1/1999,89.84779804
2/1/1999,77.18232286
3/1/1999,70.74680802
4/1/1999,70.58211537
5/1/1999,60.33052742
6/1/1999,53.07186132
7/1/1999,51.91850111
8/1/1999,53.27155167
9/1/1999,58.57551353
10/1/1999,76.56385033
11/1/1999,84.80096551
12/1/1999,70.71651654
1/1/2000,80.8227003
2/1/2000,100
3/1/2000,87.24767775
4/1/2000,62.39407265
5/1/2000,55.48045859
6/1/2000,54.60940561
7/1/2000,52.15051499
8/1/2000,55.40635982
9/1/2000,65.10409285
10/1/2000,77.10638883
11/1/2000,70.6707141
12/1/2000,97.32164429
1/1/2001,91.86278679
2/1/2001,100
3/1/2001,100
4/1/2001,68.31478068
5/1/2001,73.57074182
6/1/2001,65.87474152
7/1/2001,55.77790294
8/1/2001,57.25904011
9/1/2001,63.68641204
10/1/2001,63.05779051
11/1/2001,61.45315463
12/1/2001,86.07399025
1/1/2002,71.44155855
2/1/2002,72.42320289
3/1/2002,96.9317906
4/1/2002,64.70468139
5/1/2002,57.83846076
6/1/2002,55.02636988
7/1/2002,58.32870579
8/1/2002,52.16441131
9/1/2002,54.60068722
10/1/2002,66.33132055
11/1/2002,65.46106279
12/1/2002,68.1494908
1/1/2003,75.75369607
2/1/2003,69.15078212
3/1/2003,54.35146889
4/1/2003,58.48575109
5/1/2003,60.38806809
6/1/2003,58.64540833
7/1/2003,52.76141782
8/1/2003,53.35107079
9/1/2003,64.6018835
10/1/2003,71.2894127
11/1/2003,77.6612318
12/1/2003,87.58884053
1/1/2004,73.00737832
2/1/2004,76.68017936
3/1/2004,63.61336015
4/1/2004,76.45745625
5/1/2004,75.00356362
6/1/2004,56.58439725
7/1/2004,57.67935053
8/1/2004,54.90896726
9/1/2004,61.8755602
10/1/2004,65.25355788
11/1/2004,77.99696393
12/1/2004,93.05883647
1/1/2005,100
2/1/2005,69.85258762
3/1/2005,79.75070176
4/1/2005,64.17057961
5/1/2005,69.03233953
6/1/2005,58.04909049
7/1/2005,55.58058074
8/1/2005,56.00455364
9/1/2005,64.03353169
10/1/2005,60.90297978
11/1/2005,83.19144911
12/1/2005,64.51767575
1/1/2006,85.5094226
2/1/2006,75.16886837
3/1/2006,80.80749766
4/1/2006,74.07045056
5/1/2006,63.51746171
6/1/2006,55.64406338
7/1/2006,54.70310994
8/1/2006,56.44863798
9/1/2006,56.46494747
10/1/2006,64.10334907
11/1/2006,62.60898671
12/1/2006,83.26726675
1/1/2007,100
2/1/2007,98.12093452
3/1/2007,66.71917463
4/1/2007,53.95689858
5/1/2007,52.88619979
6/1/2007,44.9122897
7/1/2007,47.23316907
8/1/2007,48.97939801
9/1/2007,65.99041022
10/1/2007,79.28018563
11/1/2007,86.37530971
12/1/2007,63.0692759
1/1/2008,100
2/1/2008,76.69921587
3/1/2008,60.86794704
4/1/2008,67.36138949
5/1/2008,65.58731962
6/1/2008,52.12870105
7/1/2008,49.01145285
8/1/2008,48.93171604
9/1/2008,64.5186052
10/1/2008,68.32906464
11/1/2008,77.80182597
12/1/2008,89.4052689
1/1/2009,100
2/1/2009,77.67158264
3/1/2009,71.16841999
4/1/2009,54.97935363
5/1/2009,57.81469671
6/1/2009,52.19679969
7/1/2009,55.80449372
8/1/2009,50.05360009
9/1/2009,56.88084089
10/1/2009,68.74568214
11/1/2009,65.94287622
12/1/2009,53.17652156
1/1/2010,56.42868736
2/1/2010,58.13105136
3/1/2010,54.02344098
4/1/2010,53.34332388
5/1/2010,69.20424839
6/1/2010,60.55651375
7/1/2010,55.74302417
8/1/2010,54.7923755
9/1/2010,47.34489629
10/1/2010,67.96879365
11/1/2010,61.79947397
12/1/2010,76.11163561
1/1/2011,70.69924038
2/1/2011,70.19414591
3/1/2011,73.3642735
4/1/2011,81.63784883
5/1/2011,60.21945635
6/1/2011,58.28894948
7/1/2011,46.42943621
8/1/2011,54.67278974
9/1/2011,62.94910626
10/1/2011,62.95940864
11/1/2011,86.01424963
12/1/2011,86.65168435
1/1/2012,87.18614794
2/1/2012,70.79325509
3/1/2012,70.09092414
4/1/2012,66.51318286
5/1/2012,67.79638842
6/1/2012,62.10844973
7/1/2012,56.14980109
8/1/2012,48.72138558
9/1/2012,55.23249742
10/1/2012,68.349267
11/1/2012,100
12/1/2012,100
1/1/2013,98.69446216
2/1/2013,95.63724623
3/1/2013,90.90434528
4/1/2013,70.27890482
5/1/2013,73.86349368
6/1/2013,58.12415068
7/1/2013,48.42366875
8/1/2013,51.55542984
9/1/2013,55.35539851
10/1/2013,54.25806692
11/1/2013,60.57224295
12/1/2013,83.26120477
1/1/2014,91.56898754
2/1/2014,68.09133394
3/1/2014,53.93776797
4/1/2014,52.51703542
5/1/2014,53.31146284
6/1/2014,57.67187314
7/1/2014,48.68376191
8/1/2014,49.77448708
9/1/2014,54.52837445
10/1/2014,74.31507205
11/1/2014,71.02909507
12/1/2014,73.16565807
1/1/2015,90.80731849
2/1/2015,74.3731061
3/1/2015,64.31030221
4/1/2015,74.20985259
5/1/2015,57.35076272
6/1/2015,51.6861353
7/1/2015,48.13697943
8/1/2015,54.97477565
9/1/2015,50.85473373
10/1/2015,61.07490799
11/1/2015,57.22926668
12/1/2015,83.03423463
1/1/2016,100
2/1/2016,65.58611824
3/1/2016,64.3645999
4/1/2016,56.48415523
5/1/2016,65.11347396
6/1/2016,49.8476293
7/1/2016,48.41658437
8/1/2016,48.62950695
9/1/2016,63.77249275
10/1/2016,69.02424977
11/1/2016,70.37965463
12/1/2016,58.39548774
1/1/2017,65.38652553
2/1/2017,64.93419411
3/1/2017,66.6445769
4/1/2017,54.23330256
5/1/2017,50.70405821
6/1/2017,57.62757173
7/1/2017,49.48514537
8/1/2017,52.70293478
9/1/2017,55.60899417
10/1/2017,58.70140051
11/1/2017,80.68830555
12/1/2017,75.56532914
1/1/2018,94.45692874
2/1/2018,77.77647856
3/1/2018,60.78431362
4/1/2018,59.70444479
5/1/2018,61.11837743
6/1/2018,59.94204554
7/1/2018,44.87167421
8/1/2018,54.71534824
9/1/2018,55.16435147
10/1/2018,62.11594644
11/1/2018,82.07989316
12/1/2018,70.23321586
1/1/2019,73.83774913
2/1/2019,95.01005002
3/1/2019,90.77346404
4/1/2019,73.78757153
5/1/2019,64.162868
6/1/2019,52.28087284
7/1/2019,50.67867159
8/1/2019,49.37878825
9/1/2019,61.90655536
10/1/2019,60.15641099
11/1/2019,65.39414618
12/1/2019,81.1811651
1/1/2020,73.64702655
2/1/2020,71.36543654
3/1/2020,66.88452554
4/1/2020,57.55858117
5/1/2020,68.61019178
6/1/2020,55.38758449
7/1/2020,52.37131332
8/1/2020,53.57283657
9/1/2020,47.11040822
10/1/2020,53.99873965
11/1/2020,73.86805992
12/1/2020,89.99138364
1/1/2021,60.41737912
2/1/2021,64.99069348
3/1/2021,70.99119604
4/1/2021,71.75924983
5/1/2021,55.17602066
6/1/2021,59.07165938
7/1/2021,50.57141031
8/1/2021,50.2927531
9/1/2021,51.95876282
10/1/2021,67.67056156
11/1/2021,85.8117045
12/1/2021,77.2872042
1/1/2022,73.45685262
2/1/2022,69.43493764
3/1/2022,64.03093849
4/1/2022,55.23118325
5/1/2022,73.47743144
6/1/2022,44.7413455
7/1/2022,43.34378564
8/1/2022,47.95365984
9/1/2022,52.46611139
10/1/2022,58.97475306
11/1/2022,56.79514035
12/1/2022,75.99928528
1/1/2023,76.71024022
2/1/2023,70.90030395
3/1/2023,71.04455405
4/1/2023,75.51331749
5/1/2023,65.03417817
6/1/2023,49.28984172
7/1/2023,50.52679358
8/1/2023,50.20793726
9/1/2023,52.81824299
10/1/2023,58.76770955
11/1/2023,61.70955592
12/1/2023,78.92712768
1/1/2024,100
2/1/2024,100
3/1/2024,80.160451
4/1/2024,68.59711556
5/1/2024,70.96146215
6/1/2024,53.54572965
7/1/2024,49.26354654
8/1/2024,48.59653573
9/1/2024,51.61779923
10/1/2024,57.22862453
11/1/2024,78.84614903
12/1/2024,82.27664567
1/1/2025,75.12879164
2/1/2025,100
3/1/2025,90.70013489
4/1/2025,52.70356148
5/1/2025,70.1413371
6/1/2025,52.27134749
7/1/2025,51.72426305
8/1/2025,47.97483999
9/1/2025,54.50485397
10/1/2025,59.75702776
11/1/2025,58.40453023
12/1/2025,80.52992506
1/1/2026,99.01380646
2/1/2026,73.88346116
3/1/2026,75.98041529
4/1/2026,62.05235036
5/1/2026,60.83319799
6/1/2026,52.34919497
7/1/2026,48.85230655
8/1/2026,44.90185891
9/1/2026,56.58567697
10/1/2026,60.62941367
11/1/2026,65.0740083
12/1/2026,70.74431768
1/1/2027,65.92178912
2/1/2027,64.95904708
3/1/2027,56.83946927
4/1/2027,61.67218687
5/1/2027,62.39149899
6/1/2027,57.69669863
7/1/2027,56.6579036
8/1/2027,52.06674232
9/1/2027,52.10064583
10/1/2027,63.53159867
11/1/2027,71.55938273
12/1/2027,76.09518255
1/1/2028,100
2/1/2028,65.32629546
3/1/2028,70.07658559
4/1/2028,70.4291524
5/1/2028,66.76315494
6/1/2028,53.07186132
7/1/2028,50.87897945
8/1/2028,48.74582368
9/1/2028,52.97089813
10/1/2028,63.04548336
11/1/2028,72.6132205
12/1/2028,64.09718636
1/1/2029,98.83380476
2/1/2029,65.14238249
3/1/2029,74.82903286
4/1/2029,73.92637844
5/1/2029,59.17188899
6/1/2029,46.44814197
7/1/2029,50.28367081
8/1/2029,47.23282193
9/1/2029,46.43858472
10/1/2029,59.24953245
11/1/2029,67.91943836
12/1/2029,69.1000609
1/1/2030,94.60361333
2/1/2030,52.53299426
3/1/2030,58.53496703
4/1/2030,60.09466392
5/1/2030,68.75872342
6/1/2030,50.21938313
7/1/2030,51.02152878
8/1/2030,47.838061
9/1/2030,52.04639202
10/1/2030,65.3495572
11/1/2030,81.91917981
12/1/2030,90.26282911
1/1/2031,97.51521691
2/1/2031,67.15071489
3/1/2031,51.64200413
4/1/2031,57.29484107
5/1/2031,58.46388903
6/1/2031,49.61947474
7/1/2031,53.97230673
8/1/2031,51.9847357
9/1/2031,65.3403666
10/1/2031,61.34078144
11/1/2031,64.59268119
12/1/2031,54.40753046
1/1/2032,69.23777939
2/1/2032,65.50166362
3/1/2032,64.98942482
4/1/2032,68.7936949
5/1/2032,50.93335298
6/1/2032,49.08229868
7/1/2032,47.63186304
8/1/2032,50.62612966
9/1/2032,49.95786741
10/1/2032,60.26939749
11/1/2032,65.91363107
12/1/2032,72.43229174
1/1/2033,90.63716606
2/1/2033,74.84254842
3/1/2033,85.00976135
4/1/2033,56.07088584
5/1/2033,62.7669867
6/1/2033,52.98474552
7/1/2033,51.41245282
8/1/2033,47.17318951
9/1/2033,64.75045818
10/1/2033,62.14419348
11/1/2033,74.87951454
12/1/2033,80.00906109
1/1/2034,90.74388686
2/1/2034,86.13440893
3/1/2034,66.32014837
4/1/2034,64.30629482
5/1/2034,58.93793854
6/1/2034,47.6753164
7/1/2034,48.85660014
8/1/2034,46.06152442
9/1/2034,55.50945695
10/1/2034,62.86528729
11/1/2034,66.41958011
12/1/2034,73.68472981
1/1/2035,66.74334759
2/1/2035,72.44361701
3/1/2035,99.7282331
4/1/2035,64.55523024
5/1/2035,53.92613696
6/1/2035,51.3006042
7/1/2035,49.67431433
8/1/2035,49.35690903
9/1/2035,45.67548182
10/1/2035,63.36221998
11/1/2035,76.61576719
12/1/2035,93.98670931
1/1/2036,59.35043249
2/1/2036,76.85987598
3/1/2036,57.24193149
4/1/2036,58.65211298
5/1/2036,48.01135287
6/1/2036,44.11859816
7/1/2036,44.02510388
8/1/2036,47.69891443
9/1/2036,49.92589504
10/1/2036,55.36968435
11/1/2036,69.63153524
12/1/2036,85.8384699
1/1/2037,60.81123275
2/1/2037,69.21624116
3/1/2037,69.56968372
4/1/2037,60.4401818
5/1/2037,67.14664445
6/1/2037,52.32693955
7/1/2037,49.54181074
8/1/2037,46.83228765
9/1/2037,49.43400483
10/1/2037,64.53331172
11/1/2037,70.07307368
12/1/2037,85.13620181
1/1/2038,73.39094801
2/1/2038,100
3/1/2038,58.61906168
4/1/2038,57.26126963
5/1/2038,57.45228736
6/1/2038,58.17425137
7/1/2038,53.62771784
8/1/2038,49.82014717
9/1/2038,54.72032323
10/1/2038,63.19951619
11/1/2038,66.26779388
12/1/2038,78.44614842
1/1/2039,76.1314166
2/1/2039,85.27257115
3/1/2039,74.39080215
4/1/2039,58.57747154
5/1/2039,62.10361383
6/1/2039,54.52444203
7/1/2039,48.6851875
8/1/2039,46.50233862
9/1/2039,48.64200642
10/1/2039,57.17344824
11/1/2039,70.18635862
12/1/2039,66.89673976
1/1/2040,61.23163149
2/1/2040,64.27162444
3/1/2040,53.80420805
4/1/2040,60.24444506
5/1/2040,62.6208856
6/1/2040,52.66189073
7/1/2040,49.73560441
8/1/2040,50.14702893
9/1/2040,61.66486857
10/1/2040,56.77975805
11/1/2040,59.84454787
12/1/2040,86.10859368
1/1/2041,77.85731881
2/1/2041,74.01925735
3/1/2041,81.94536621
4/1/2041,66.67876848
5/1/2041,69.1238158
6/1/2041,57.35551662
7/1/2041,54.14874901
8/1/2041,52.61196458
9/1/2041,56.79457323
10/1/2041,53.34797308
11/1/2041,67.52767115
12/1/2041,90.19985221
1/1/2042,97.14362279
2/1/2042,100
3/1/2042,82.81554283
4/1/2042,58.20015947
5/1/2042,71.76905149
6/1/2042,58.51730642
7/1/2042,50.1670271
8/1/2042,48.40351568
9/1/2042,47.97178771
10/1/2042,49.53393974
11/1/2042,61.87696252
12/1/2042,67.78684795
1/1/2043,78.28637094
2/1/2043,69.61289098
3/1/2043,61.3147983
4/1/2043,54.66150577
5/1/2043,59.15876027
6/1/2043,48.53704603
7/1/2043,47.22765819
8/1/2043,52.18148576
9/1/2043,49.86201926
10/1/2043,55.54021971
11/1/2043,62.13113009
12/1/2043,85.50994557
1/1/2044,75.75642565
2/1/2044,53.24796276
3/1/2044,57.63605876
4/1/2044,57.63552647
5/1/2044,52.54840105
6/1/2044,54.87692502
7/1/2044,46.66933443
8/1/2044,48.56358968
9/1/2044,55.97106779
10/1/2044,47.4109673
11/1/2044,60.48431784
12/1/2044,63.92081541
1/1/2045,57.15324701
2/1/2045,61.3893926
3/1/2045,54.84497184
4/1/2045,65.83362555
5/1/2045,70.41428639
6/1/2045,57.3907668
7/1/2045,51.62212074
8/1/2045,46.29694136
9/1/2045,50.30187628
10/1/2045,58.40310399
11/1/2045,69.4596057
12/1/2045,64.92745711
1/1/2046,65.89607863
2/1/2046,69.60068618
3/1/2046,78.53270018
4/1/2046,49.66119623
5/1/2046,58.80179134
6/1/2046,48.64525652
7/1/2046,48.38259563
8/1/2046,47.45964242
9/1/2046,52.4548482
10/1/2046,67.64170662
11/1/2046,80.80114287
12/1/2046,73.24969646
1/1/2047,62.87271275
2/1/2047,68.41611369
3/1/2047,66.66491249
4/1/2047,67.98401893
5/1/2047,56.06497925
6/1/2047,57.04461035
7/1/2047,45.88439184
8/1/2047,45.90532886
9/1/2047,50.92159648
10/1/2047,67.31417333
11/1/2047,85.3481663
12/1/2047,100
1/1/2048,64.32137297
2/1/2048,57.55136253
3/1/2048,56.25664852
4/1/2048,63.91486789
5/1/2048,71.58070344
6/1/2048,56.37831764
7/1/2048,52.90991938
8/1/2048,54.53391587
9/1/2048,52.98391293
10/1/2048,62.51881218
11/1/2048,62.09955846
12/1/2048,75.18821905
1/1/2049,78.57576366
2/1/2049,59.22848995
3/1/2049,59.02578465
4/1/2049,65.12951507
5/1/2049,58.97530081
6/1/2049,51.98649203
7/1/2049,49.60874076
8/1/2049,50.3300039
9/1/2049,64.4841105
10/1/2049,62.78969531
11/1/2049,71.52734256
12/1/2049,100
1/1/2050,76.38164077
2/1/2050,91.97527607
3/1/2050,75.48270645
4/1/2050,68.80285345
5/1/2050,54.53507899
6/1/2050,46.00848822
7/1/2050,46.39971555
8/1/2050,44.94645425
9/1/2050,63.88077908
10/1/2050,56.10033772
11/1/2050,67.67341874
12/1/2050,86.19044518
1/1/2051,89.99976664
2/1/2051,72.8943551
3/1/2051,75.78976019
4/1/2051,66.69203524
5/1/2051,58.1336792
6/1/2051,51.76300372
7/1/2051,46.54717822
8/1/2051,45.01475543
9/1/2051,51.6494105
10/1/2051,60.99974613
11/1/2051,56.89998617
12/1/2051,64.97802122
1/1/2052,100
2/1/2052,78.21154144
3/1/2052,73.50526628
4/1/2052,65.95580728
5/1/2052,50.05106994
6/1/2052,55.67813406
7/1/2052,46.72510308
8/1/2052,54.26060142
9/1/2052,57.31616924
10/1/2052,60.51175308
11/1/2052,57.22926668
12/1/2052,75.9500191
1/1/2053,76.21105911
2/1/2053,100
3/1/2053,79.64587341
4/1/2053,56.75848597
5/1/2053,58.87448359
6/1/2053,54.27209703
7/1/2053,48.7508155
8/1/2053,46.32137209
9/1/2053,51.46321789
10/1/2053,63.89477586
11/1/2053,79.64729712
12/1/2053,90.58177726
1/1/2054,73.69730276
2/1/2054,62.37624933
3/1/2054,82.8990904
4/1/2054,58.52394839
5/1/2054,60.58224113
6/1/2054,53.28224557
7/1/2054,50.20981024
8/1/2054,45.47087969
9/1/2054,47.98197503
10/1/2054,64.51436769
11/1/2054,57.54908203
12/1/2054,73.46817269
1/1/2055,79.77132292
2/1/2055,62.46054511
3/1/2055,58.49394658
4/1/2055,65.68125433
5/1/2055,57.22052659
6/1/2055,58.49928916
7/1/2055,55.08496837
8/1/2055,47.35790894
9/1/2055,64.0798402
10/1/2055,61.90053263
11/1/2055,55.61504193
12/1/2055,86.59783736
1/1/2056,90.26142405
2/1/2056,93.62657235
3/1/2056,76.52132215
4/1/2056,51.46951222
5/1/2056,62.4651987
6/1/2056,53.41055225
7/1/2056,44.78334209
8/1/2056,44.76837166
9/1/2056,48.00963861
10/1/2056,50.6657512
11/1/2056,58.61715462
12/1/2056,72.07513472
1/1/2057,77.09884521
2/1/2057,100
3/1/2057,55.40409667
4/1/2057,60.6704362
5/1/2057,57.3145527
6/1/2057,51.96125611
7/1/2057,49.8584402
8/1/2057,50.78847904
9/1/2057,49.76334486
10/1/2057,61.1164893
11/1/2057,68.53651963
12/1/2057,57.24086352
1/1/2058,88.74964326
2/1/2058,63.31053207
3/1/2058,69.77385366
4/1/2058,69.02306823
5/1/2058,46.83788923
6/1/2058,56.41981194
7/1/2058,51.00800484
8/1/2058,46.89143497
9/1/2058,56.04033392
10/1/2058,73.45287287
11/1/2058,64.75782516
12/1/2058,56.88478877
1/1/2059,75.34820928
2/1/2059,80.49393156
3/1/2059,64.05902987
4/1/2059,63.26075655
5/1/2059,67.79857327
6/1/2059,54.9054354
7/1/2059,53.92429847
8/1/2059,48.46918836
9/1/2059,52.78582697
10/1/2059,63.21391407
11/1/2059,71.15390507
12/1/2059,71.8895712
1/1/2060,64.1238182
2/1/2060,84.18762956
3/1/2060,57.670641
4/1/2060,70.68587039
5/1/2060,63.42209081
6/1/2060,55.81977806
7/1/2060,48.67948542
8/1/2060,46.87216847
9/1/2060,49.71484732
10/1/2060,57.22678436
11/1/2060,70.56626356
12/1/2060,100
1/1/2061,66.78602869
2/1/2061,58.34710616
3/1/2061,74.1867665
4/1/2061,51.82662184
5/1/2061,64.0746132
6/1/2061,55.4757581
7/1/2061,52.00901694
8/1/2061,53.15093787
9/1/2061,63.06769517
10/1/2061,66.94233482
11/1/2061,79.91171395
12/1/2061,68.1494908
1/1/2062,97.53691185
2/1/2062,61.86457256
3/1/2062,56.69784745
4/1/2062,65.71604722
5/1/2062,71.91592818
6/1/2062,56.08537926
7/1/2062,50.99748902
8/1/2062,51.90750419
9/1/2062,71.46444545
10/1/2062,57.49430266
11/1/2062,63.14452262
12/1/2062,73.09483423
1/1/2063,93.31317126
2/1/2063,48.5468233
3/1/2063,55.73967069
4/1/2063,63.40476809
5/1/2063,58.06017554
6/1/2063,53.64041918
7/1/2063,53.35035226
8/1/2063,54.08086416
9/1/2063,56.52265154
10/1/2063,67.69054612
11/1/2063,65.99915766
12/1/2063,67.48388972
1/1/2064,67.00227156
2/1/2064,54.55056535
3/1/2064,76.68231759
4/1/2064,63.46540414
5/1/2064,60.1086145
6/1/2064,60.34717754
7/1/2064,53.04318809
8/1/2064,52.81768343
9/1/2064,59.87720151
10/1/2064,61.57398505
11/1/2064,79.61396659
12/1/2064,90.61174289
1/1/2065,100
2/1/2065,69.83298608
3/1/2065,62.98208256
4/1/2065,62.07071303
5/1/2065,58.90620148
6/1/2065,54.5177845
7/1/2065,47.08737511
8/1/2065,48.98807308
9/1/2065,60.43447257
10/1/2065,66.06704767
11/1/2065,58.33777146
12/1/2065,82.68454282
1/1/2066,65.66751423
2/1/2066,67.9581013
3/1/2066,63.11372769
4/1/2066,68.1469099
5/1/2066,66.94812911
6/1/2066,54.23071872
7/1/2066,49.09196442
8/1/2066,46.79931173
9/1/2066,57.3873073
10/1/2066,61.71999114
11/1/2066,66.28816053
12/1/2066,83.09771676
1/1/2067,100
2/1/2067,97.26978944
3/1/2067,62.53846296
4/1/2067,61.14192194
5/1/2067,57.52492837
6/1/2067,46.85601513
7/1/2067,48.26102314
8/1/2067,48.04410189
9/1/2067,50.36023791
10/1/2067,59.7686182
11/1/2067,64.7137407
12/1/2067,91.43172619
1/1/2068,83.07180941
2/1/2068,70.38415595
3/1/2068,88.2705556
4/1/2068,75.49045309
5/1/2068,57.99594534
6/1/2068,49.68839737
7/1/2068,48.50025441
8/1/2068,49.17500605
9/1/2068,48.92672091
10/1/2068,65.95045092
11/1/2068,78.94511139
12/1/2068,85.61304502
1/1/2069,82.68263832
2/1/2069,75.62249402
3/1/2069,73.1458298
4/1/2069,55.88547594
5/1/2069,67.7199686
6/1/2069,55.9395516
7/1/2069,45.33075776
8/1/2069,46.4982479
9/1/2069,57.12813172
10/1/2069,55.46909188
11/1/2069,52.13387978
12/1/2069,97.08040303
1/1/2070,92.92506895
2/1/2070,52.62400887
3/1/2070,49.14703912
4/1/2070,59.26665508
5/1/2070,67.7177866
6/1/2070,51.54997061
7/1/2070,47.45004454
8/1/2070,46.93275035
9/1/2070,54.67142229
10/1/2070,59.23040428
11/1/2070,74.02404946
12/1/2070,66.38117618
1/1/2071,90.22162415
2/1/2071,82.36921651
3/1/2071,85.55720246
4/1/2071,83.97550749
5/1/2071,55.69030511
6/1/2071,61.24819833
7/1/2071,50.35469207
8/1/2071,48.75589043
9/1/2071,52.76476855
10/1/2071,67.85511435
11/1/2071,67.66647042
12/1/2071,68.86410703
1/1/2072,52.1321789
2/1/2072,62.59915233
3/1/2072,93.02404943
4/1/2072,69.170316
5/1/2072,68.86980266
6/1/2072,45.99198942
7/1/2072,48.40950117
8/1/2072,47.22449603
9/1/2072,50.32951178
10/1/2072,63.07830839
11/1/2072,60.86155922
12/1/2072,61.92879598
1/1/2073,69.02086298
2/1/2073,85.03420173
3/1/2073,66.03548448
4/1/2073,70.60568109
5/1/2073,58.17599105
6/1/2073,55.16783854
7/1/2073,51.70595219
8/1/2073,48.0865627
9/1/2073,52.20454329
10/1/2073,66.12543258
11/1/2073,67.99157615
12/1/2073,90.19985221
1/1/2074,76.78778636
2/1/2074,55.36620612
3/1/2074,50.07263993
4/1/2074,62.44130099
5/1/2074,59.29771499
6/1/2074,55.42317409
7/1/2074,53.78215653
8/1/2074,53.08441471
9/1/2074,62.73234249
10/1/2074,61.61394821
11/1/2074,86.46051044
12/1/2074,78.56537618
1/1/2075,68.10737959
2/1/2075,71.41816497
3/1/2075,87.29041439
4/1/2075,60.88769104
5/1/2075,64.21218573
6/1/2075,58.26204434
7/1/2075,51.23695171
8/1/2075,53.90179643
9/1/2075,51.40813637
10/1/2075,59.55652632
11/1/2075,88.29648338
12/1/2075,92.21242165
1/1/2076,93.61665933
2/1/2076,82.28974691
3/1/2076,66.16531872
4/1/2076,58.63104949
5/1/2076,61.12810374
6/1/2076,47.6867687
7/1/2076,47.81446672
8/1/2076,45.74972961
9/1/2076,62.41072085
10/1/2076,61.51209951
11/1/2076,81.76739937
12/1/2076,76.19670625
1/1/2077,86.99168173
2/1/2077,68.44964488
3/1/2077,81.95959554
4/1/2077,72.87774382
5/1/2077,63.84742093
6/1/2077,60.72532132
7/1/2077,50.20833428
8/1/2077,50.69220139
9/1/2077,53.32683934
10/1/2077,53.24942106
11/1/2077,69.16461489
12/1/2077,70.7114631
1/1/2078,70.32125703
2/1/2078,58.78393229
3/1/2078,78.81548625
4/1/2078,54.53423723
5/1/2078,44.48544053
6/1/2078,50.594257
7/1/2078,47.46251084
8/1/2078,48.41350288
9/1/2078,51.13059382
10/1/2078,59.72613223
11/1/2078,66.76765443
12/1/2078,69.28502685
1/1/2079,93.55794548
2/1/2079,87.29761113
3/1/2079,88.80723561
4/1/2079,71.5077318
5/1/2079,77.61731082
6/1/2079,61.58304918
7/1/2079,55.61700121
8/1/2079,53.45464539
9/1/2079,56.49991173
10/1/2079,64.19326985
11/1/2079,68.5905763
12/1/2079,75.5734914
1/1/2080,66.18420628
2/1/2080,73.22671177
3/1/2080,75.35042686
4/1/2080,63.58058188
5/1/2080,58.06384825
6/1/2080,48.19374647
7/1/2080,51.20827018
8/1/2080,45.96181343
9/1/2080,51.48211824
10/1/2080,59.95440815
11/1/2080,63.40020907
12/1/2080,81.10459141
1/1/2081,71.21184006
2/1/2081,100
3/1/2081,67.60100062
4/1/2081,57.78599549
5/1/2081,67.34148264
6/1/2081,56.17135971
7/1/2081,46.30259769
8/1/2081,53.90662732
9/1/2081,60.71813324
10/1/2081,54.97052787
11/1/2081,63.67219743
12/1/2081,63.44865413
1/1/2082,66.43599645
2/1/2082,72.91491737
3/1/2082,64.83368083
4/1/2082,70.68115055
5/1/2082,66.32240152
6/1/2082,61.81636787
7/1/2082,52.7208571
8/1/2082,51.85506052
9/1/2082,53.07837768
10/1/2082,67.03013579
11/1/2082,66.85898988
12/1/2082,84.45571822
1/1/2083,81.281802
2/1/2083,81.68039309
3/1/2083,65.75663612
4/1/2083,68.21490995
5/1/2083,58.02162785
6/1/2083,59.49772088
7/1/2083,50.03451298
8/1/2083,44.73311167
9/1/2083,50.93871676
10/1/2083,54.37261294
11/1/2083,82.36775683
12/1/2083,86.38282152
1/1/2084,100
2/1/2084,100
3/1/2084,74.94998673
4/1/2084,58.31420833
5/1/2084,57.09062209
6/1/2084,51.04950143
7/1/2084,46.76459453
8/1/2084,51.44376203
9/1/2084,48.75892848
10/1/2084,56.69774276
11/1/2084,60.85333042
12/1/2084,58.40161156
1/1/2085,82.52033249
2/1/2085,69.23807619
3/1/2085,70.01687689
4/1/2085,64.4551012
5/1/2085,61.22546228
6/1/2085,57.65237581
7/1/2085,53.54037129
8/1/2085,49.22004751
9/1/2085,53.40557214
10/1/2085,55.66850756
11/1/2085,76.59980627
12/1/2085,85.37892791
1/1/2086,100
2/1/2086,100
3/1/2086,64.34721907
4/1/2086,52.04221981
5/1/2086,68.47085553
6/1/2086,57.03060287
7/1/2086,51.46553857
8/1/2086,46.51597728
9/1/2086,49.69364635
10/1/2086,56.7341776
11/1/2086,64.99424763
12/1/2086,97.28559583
1/1/2087,100
2/1/2087,72.12029901
3/1/2087,88.43458665
4/1/2087,68.5742983
5/1/2087,64.99665478
6/1/2087,59.94759998
7/1/2087,53.12018525
8/1/2087,51.14376793
9/1/2087,55.92090996
10/1/2087,56.01942131
11/1/2087,64.59268119
12/1/2087,96.01899955
1/1/2088,69.92055499
2/1/2088,88.35723951
3/1/2088,73.24868391
4/1/2088,71.87696332
5/1/2088,66.31600692
6/1/2088,55.3063332
7/1/2088,50.26888891
8/1/2088,50.83368002
9/1/2088,59.74111374
10/1/2088,69.67687314
11/1/2088,62.81534284
12/1/2088,91.68101561
1/1/2089,86.94393615
2/1/2089,100
3/1/2089,68.93066332
4/1/2089,65.71387206
5/1/2089,65.46744652
6/1/2089,53.50986208
7/1/2089,50.61309263
8/1/2089,47.41780438
9/1/2089,50.56510361
10/1/2089,48.54808003
11/1/2089,58.58560018
12/1/2089,83.723319
1/1/2090,91.3131907
2/1/2090,60.42826985
3/1/2090,86.09655118
4/1/2090,57.69942214
5/1/2090,52.49753037
6/1/2090,53.00247829
7/1/2090,49.21156819
8/1/2090,51.24101149
9/1/2090,48.06501957
10/1/2090,63.67659145
11/1/2090,64.61247361
12/1/2090,95.46314088
1/1/2091,73.56772083
2/1/2091,97.25915797
3/1/2091,74.77506011
4/1/2091,67.27200729
5/1/2091,58.83160162
6/1/2091,50.83361167
7/1/2091,54.35810921
8/1/2091,47.92543603
9/1/2091,54.94013886
10/1/2091,64.90714642
11/1/2091,75.57026246
12/1/2091,82.97986435
1/1/2092,76.10397516
2/1/2092,64.89806328
3/1/2092,81.56504546
4/1/2092,67.28987311
5/1/2092,72.48796922
6/1/2092,56.72689414
7/1/2092,53.74071154
8/1/2092,49.90865553
9/1/2092,59.1744289
10/1/2092,63.08651764
11/1/2092,70.30951623
12/1/2092,73.47608301
1/1/2093,61.31135562
2/1/2093,64.40353249
3/1/2093,63.62193922
4/1/2093,50.71305923
5/1/2093,52.64208191
6/1/2093,44.29477198
7/1/2093,52.08432616
8/1/2093,46.75950071
9/1/2093,49.68304968
10/1/2093,58.8682802
11/1/2093,64.23320305
12/1/2093,68.92792241
1/1/2094,91.66005458
2/1/2094,89.49579002
3/1/2094,62.31167657
4/1/2094,72.18306377
5/1/2094,65.4632449
6/1/2094,49.1281698
7/1/2094,54.20180822
8/1/2094,50.27935041
9/1/2094,54.0235234
10/1/2094,48.3511229
11/1/2094,68.24824028
12/1/2094,97.4984966
1/1/2095,91.47465395
2/1/2095,80.90555107
3/1/2095,70.75888431
4/1/2095,58.73837008
5/1/2095,53.2264373
6/1/2095,47.3942771
7/1/2095,41.39977253
8/1/2095,43.74059798
9/1/2095,52.32952761
10/1/2095,63.51298358
11/1/2095,76.67698511
12/1/2095,69.19864083
1/1/2096,80.89020655
2/1/2096,72.26266567
3/1/2096,53.81310052
4/1/2096,74.96166138
5/1/2096,58.13184033
6/1/2096,53.87468282
7/1/2096,46.96672369
8/1/2096,46.80892701
9/1/2096,48.30632382
10/1/2096,59.13486711
11/1/2096,69.80154234
12/1/2096,90.65171421
1/1/2097,85.39393313
2/1/2097,86.93712782
3/1/2097,58.66801602
4/1/2097,57.05844584
5/1/2097,60.15063101
6/1/2097,46.03049698
7/1/2097,48.04839599
8/1/2097,50.59013139
9/1/2097,52.80689484
10/1/2097,62.04136273
11/1/2097,70.08752422
12/1/2097,83.65321084
1/1/2098,88.4247368
2/1/2098,68.22963214
3/1/2098,66.50242171
4/1/2098,64.99400313
5/1/2098,62.84720412
6/1/2098,49.57458311
7/1/2098,47.4735951
8/1/2098,49.98402681
9/1/2098,52.10064583
10/1/2098,60.88128036
11/1/2098,69.82792291
12/1/2098,57.85332621
1/1/2099,70.88654568
2/1/2099,60.4720652
3/1/2099,57.39654315
4/1/2099,65.92523808
5/1/2099,65.25982895
6/1/2099,52.31899376
7/1/2099,50.00218062
8/1/2099,49.33358323
9/1/2099,54.96047948
10/1/2099,60.58820334
11/1/2099,65.04519323
12/1/2099,62.26324445
